{
  "loudahhempinanaondavtwoxceptionone": {
    "sounds": [
      {
        "name": "records/loudahhempinanaondavtwoxceptionone",
        "stream": true
      }
    ]
  },
  "gangstasparadiseremixcutdjdaveone": {
    "sounds": [
      {
        "name": "records/gangstasparadiseremixcutdjdaveone",
        "stream": true
      }
    ]
  },
  "gangstasparadiseremixdjdaveone": {
    "sounds": [
      {
        "name": "records/gangstasparadiseremixdjdaveone",
        "stream": true
      }
    ]
  },
  "furrveryveryloudpinkguyone": {
    "sounds": [
      {
        "name": "records/furrveryveryloudpinkguyone",
        "stream": true
      }
    ]
  },
  "tripoloskitripoloskioneoneoneone": {
    "sounds": [
      {
        "name": "records/tripoloskitripoloskioneoneoneone",
        "stream": true
      }
    ]
  },
  "theduccsongyungshameone": {
    "sounds": [
      {
        "name": "records/theduccsongyungshameone",
        "stream": true
      }
    ]
  }
}