[
  {
    "title": "LOUD AHH EMPINA NA ONDA V2",
    "author": "xception",
    "duration": 152,
    "disc-namespace": "loudahhempinanaondavtwoxceptionone",
    "model-data": 1,
    "creeper-drop": true,
    "lores": [
      "§dempina na onda but ultra loud"
    ],
    "loot-tables": {},
    "fragment-loot-tables": {}
  },
  {
    "title": "Gangsta's Paradise Remix (CUT)",
    "author": "DJ Dave",
    "duration": 12,
    "disc-namespace": "gangstasparadiseremixcutdjdaveone",
    "model-data": 2,
    "creeper-drop": true,
    "lores": [
      "§dthe best part, cut"
    ],
    "loot-tables": {},
    "fragment-loot-tables": {}
  },
  {
    "title": "Gangsta's Paradise Remix",
    "author": "DJ Dave",
    "duration": 305,
    "disc-namespace": "gangstasparadiseremixdjdaveone",
    "model-data": 3,
    "creeper-drop": true,
    "lores": [
      "§dnot cut"
    ],
    "loot-tables": {},
    "fragment-loot-tables": {}
  },
  {
    "title": "FURR (very very loud)",
    "author": "PINK GUY",
    "duration": 125,
    "disc-namespace": "furrveryveryloudpinkguyone",
    "model-data": 4,
    "creeper-drop": true,
    "lores": [
      "§4§ltorture for your ears"
    ],
    "loot-tables": {},
    "fragment-loot-tables": {}
  },
  {
    "title": "TRI POLOSKI",
    "author": "TRI POLOSKI!!111",
    "duration": 105,
    "disc-namespace": "tripoloskitripoloskioneoneoneone",
    "model-data": 5,
    "creeper-drop": true,
    "lores": [],
    "loot-tables": {},
    "fragment-loot-tables": {}
  },
  {
    "title": "the ducc song",
    "author": "yung shame",
    "duration": 159,
    "disc-namespace": "theduccsongyungshameone",
    "model-data": 6,
    "creeper-drop": true,
    "lores": [
      "§dthe best song ever"
    ],
    "loot-tables": {},
    "fragment-loot-tables": {}
  }
]