{
  "parent": "item/generated",
  "textures": {
    "layer0": "item/disc_fragment_5"
  },
  "overrides": [
    {
      "predicate": {
        "custom_model_data": 1
      },
      "model": "item/fragment_loudahhempinanaondavtwoxceptionone"
    },
    {
      "predicate": {
        "custom_model_data": 2
      },
      "model": "item/fragment_gangstasparadiseremixcutdjdaveone"
    },
    {
      "predicate": {
        "custom_model_data": 3
      },
      "model": "item/fragment_gangstasparadiseremixdjdaveone"
    },
    {
      "predicate": {
        "custom_model_data": 4
      },
      "model": "item/fragment_furrveryveryloudpinkguyone"
    },
    {
      "predicate": {
        "custom_model_data": 5
      },
      "model": "item/fragment_tripoloskitripoloskioneoneoneone"
    },
    {
      "predicate": {
        "custom_model_data": 6
      },
      "model": "item/fragment_theduccsongyungshameone"
    }
  ]
}