{
  "parent": "item/generated",
  "textures": {
    "layer0": "item/music_disc_11"
  },
  "overrides": [
    {
      "predicate": {
        "custom_model_data": 1
      },
      "model": "item/music_disc_loudahhempinanaondavtwoxceptionone"
    },
    {
      "predicate": {
        "custom_model_data": 2
      },
      "model": "item/music_disc_gangstasparadiseremixcutdjdaveone"
    },
    {
      "predicate": {
        "custom_model_data": 3
      },
      "model": "item/music_disc_gangstasparadiseremixdjdaveone"
    },
    {
      "predicate": {
        "custom_model_data": 4
      },
      "model": "item/music_disc_furrveryveryloudpinkguyone"
    },
    {
      "predicate": {
        "custom_model_data": 5
      },
      "model": "item/music_disc_tripoloskitripoloskioneoneoneone"
    },
    {
      "predicate": {
        "custom_model_data": 6
      },
      "model": "item/music_disc_theduccsongyungshameone"
    }
  ]
}